Big Model,Small Model,Dataset,Estimator,HC_File,Pearson_Max_Per_Row_Big,Pearson_Max_Per_Row_Small,Pearson_Max_Per_Row_Diff,Difference_Pearson_Max_Per_Row,Spearman_Max_Per_Row_Big,Spearman_Max_Per_Row_Small,Spearman_Max_Per_Row_Diff,Difference_Spearman_Max_Per_Row,Partial_Pearson_Max_Per_Row_Big,Partial_Pearson_Max_Per_Row_Small,Partial_Pearson_Max_Per_Row_Diff,Pearson_Max_Per_Row_Big_Q50,Partial_Pearson_Max_Per_Row_Big_Q50,Pearson_Max_Per_Row_Small_Q50,Partial_Pearson_Max_Per_Row_Small_Q50,Pearson_Max_Per_Row_Diff_Q50,Partial_Pearson_Max_Per_Row_Diff_Q50,Pearson_Max_Per_Row_Big_Q90,Partial_Pearson_Max_Per_Row_Big_Q90,Pearson_Max_Per_Row_Small_Q90,Partial_Pearson_Max_Per_Row_Small_Q90,Pearson_Max_Per_Row_Diff_Q90,Partial_Pearson_Max_Per_Row_Diff_Q90,Avg_HC_Max_Per_Row,Median_HC_Max_Per_Row
Qwen,Qwen Small,lambada,GMM,hc_values_per_expert_standard_1_new.parquet,0.13087512363643655,0.22915378666863356,-0.160780519027163,0.29165564266359956,0.08731897556830462,0.19768176512662855,-0.14392949333549282,0.23124846890379744,0.10768769952917635,0.20176122502357707,-0.15280599093677383,0.14725191051747263,0.12037754329596762,0.2272573958847811,0.1991591042808783,-0.20877096790570615,-0.19674702717926557,0.13348211773762392,0.1079843847910881,0.14898212268094957,0.12517145484862935,-0.0722930674939851,-0.06792383869449875,1.362946179931761,1.0884791021003044
Qwen,Qwen Small,lambada,GMM,hc_values_per_expert_hat_1_new.parquet,0.12123847194518972,0.20626160637086777,-0.13884397192426384,0.26008244386945356,0.0642119394506694,0.17345608803408794,-0.14356112788648895,0.20777306733715833,0.10393934460676496,0.18491451355613772,-0.13111320739246066,0.12911326727766845,0.1086390726740543,0.20319572067368818,0.1808240123685219,-0.19113910707657808,-0.17978291418705566,0.13684181960335512,0.11728797857259668,0.1561465697409312,0.13760805890919808,-0.08121324845902367,-0.0772002005892473,0.8101333330100083,1.0184924801703732
Qwen,Qwen Small,lambada,GMM,hc_values_map_agg_hat_1_new.parquet,-0.050283684875851685,0.014530734180223628,-0.11031088856280455,0.060027203686952864,-0.08265308718741447,-0.02785466793358225,-0.09260887390765422,0.009955786720239751,-0.07006354305160703,-0.01356797164641753,-0.09700207645187692,-0.02446738384996363,-0.031695268557461465,0.02857496216948084,0.007287808245110899,-0.10170279647257327,-0.07123958860987441,0.056202302242471636,0.06702276926585879,0.06481114877128742,0.07437963623910296,-0.034769532569565734,-0.03542097966229865,1.1685854854954334,1.061763988755488
Qwen,Qwen Small,lambada,GMM,hc_values_map_agg_standard_1_new.parquet,-0.0699318860241927,-0.013131654628994788,-0.09748098359890006,0.02754909757470736,-0.09195470277373999,-0.05145224220410403,-0.07792035922374299,-0.014034343549996997,-0.07372462291824625,-0.01861884166335033,-0.09483201174785227,-0.03250502470179853,-0.03525708094189302,0.011955741203667034,0.00320363207420222,-0.08164175892026199,-0.06910607783309503,0.06160591287692071,0.06928526747226267,0.07061013764980448,0.07729580815154019,-0.03721346657456817,-0.037459368593796984,1.2776504841330723,1.1701213787112434
Qwen,Qwen Small,lambada,GLM,hc_values_per_expert_standard_1_new.parquet,0.07721472198559194,0.15854841770192507,-0.1340327084852045,0.21124743047079642,0.019138739440908308,0.12085421571099642,-0.13256236026089566,0.15170109970180395,0.046904978846316225,0.1201596418321741,-0.11849305040232229,0.07597659384594108,0.030317609316121624,0.14995839582699066,0.10070951248630505,-0.174955870757596,-0.15094755041134317,0.09150246281467067,0.04748062188983009,0.10663396246421364,0.06242148995016903,-0.058927640655943705,-0.044622477475574865,0.310224676161762,0.46404791141945145
Qwen,Qwen Small,lambada,GLM,hc_values_per_expert_hat_1_new.parquet,0.09876780207189181,0.17851224782808134,-0.1306916731120798,0.2294594751839716,0.02699961518749824,0.13032352915615342,-0.1345780471297606,0.16157766231725884,0.07518128123357144,0.14890024853550135,-0.11790340241747682,0.08874898595322493,0.051193431378652794,0.16232702370679375,0.12188177404403201,-0.177965899087474,-0.15749019778474044,0.09084224578759781,0.051790771981281646,0.10861979468791452,0.0694991908226841,-0.06423187183705466,-0.05156637401935238,0.10303470743294853,0.4566618494903409
Qwen,Qwen Small,lambada,GLM,hc_values_map_agg_hat_1_new.parquet,0.06608433519807061,0.13270948403986207,-0.1097052592958925,0.1757895944939631,0.008808042571856165,0.1030666411787484,-0.1222374452952881,0.13104548786714426,0.004413640342505782,0.04814881264764897,-0.07276042179505479,0.028852732668984082,0.014686449150685255,0.0976581808346924,0.04456295902926541,-0.1501444253987091,-0.06616073406527384,0.031796663524850256,0.06238699516183824,0.0450637614230474,0.07436185501500964,-0.037131489055540506,-0.043632096292291464,0.1434601966673469,0.5884121355382298
Qwen,Qwen Small,lambada,GLM,hc_values_map_agg_standard_1_new.parquet,0.05425207396701947,0.12261741859440681,-0.11299517699309566,0.16724725096011514,0.005109787898036385,0.09725924391661034,-0.1201419760035591,0.12525176390159548,-0.01085056028521438,0.035444738832616035,-0.07765272225013774,0.02238757557105007,0.0058189236263540885,0.09100033785706263,0.036185586954823996,-0.14780440747271115,-0.06455456761588786,0.03470462486784434,0.06506205413717979,0.0461064957527908,0.07466753707073019,-0.03412555746253243,-0.039509684968446764,0.24250135139191184,0.5892095553818354
Qwen,Qwen Small,lambada,StudentT,hc_values_per_expert_standard_1_new.parquet,0.0620543196432239,0.15015866402458228,-0.1458662161531724,0.2079205357963963,0.020039066854439083,0.12034451116455457,-0.13150797530591013,0.1515470421603492,0.053168511613385594,0.13321025125045266,-0.1319455324337101,0.0755050513490555,0.0530055482793135,0.15231903363690405,0.12565791732014245,-0.18063728164910725,-0.16436681529671945,0.11893761486896207,0.06895722571456457,0.13444484982004273,0.08215344097721176,-0.0679429375168966,-0.04732244070814263,0.9901341477541438,0.7508594475576368
Qwen,Qwen Small,lambada,StudentT,hc_values_per_expert_hat_1_new.parquet,0.06817042946823514,0.15243614127235566,-0.13923480525534143,0.20740523472357658,0.020191773755826523,0.12006265015704068,-0.13093067121812893,0.15112244497395544,0.05975624999511636,0.1362527771172842,-0.1257506193990515,0.07840118881712257,0.05745390152296099,0.15327539797680031,0.1282873553622616,-0.17751971913795514,-0.1619491761599817,0.1123025605915037,0.06599270724165722,0.1293311094094175,0.0809740764936873,-0.0691151195753921,-0.05011837325040372,0.8290126977101168,0.7303619655156242
Qwen,Qwen Small,lambada,StudentT,hc_values_map_agg_hat_1_new.parquet,0.025717055717164122,0.09471701381025259,-0.1149532578280204,0.14067031354518453,-0.007216552246324697,0.07997040930048643,-0.11762080305459907,0.11040425080827437,-0.04100396194740239,0.006776502730520926,-0.08135329082412157,0.002669317840785575,-0.018612643520964013,0.06904420136589762,0.012037037972634205,-0.13727457986217279,-0.05791710191924695,0.031445409031611284,0.05741054296643711,0.04038791068154485,0.06411361637101948,-0.028033203062250475,-0.031177266149084084,0.6702615571880042,0.8277775025424259
Qwen,Qwen Small,lambada,StudentT,hc_values_map_agg_standard_1_new.parquet,0.024071678770033897,0.09582311927587864,-0.11962082463624957,0.14369250340628348,-0.009542922923160136,0.07719148877210871,-0.11776185066067116,0.10821892773751102,-0.04245203589063348,0.009048444416797079,-0.08761605373268476,0.0043582158351785265,-0.01609643890115943,0.07224758166609876,0.016858232560013984,-0.1408962662654577,-0.06342979888492323,0.03727754214228536,0.06368403401781729,0.045975941520518676,0.07010941767416017,-0.029275967041201844,-0.03248404052144753,0.7370141708586001,0.8328820950870541
Qwen,Qwen Small,lambada,StudentTSkewed,hc_values_per_expert_standard_1_new.parquet,0.08712050675833333,0.18088798868493533,-0.1545822251343246,0.24170273189265792,0.03758512126959241,0.14818765035146164,-0.14920553269644513,0.18679065396603753,0.030451774371216007,0.08551242146535709,-0.08998429351534336,0.09392371367877794,0.03127561874029964,0.17276016981256803,0.09654588581279318,-0.19033347805658787,-0.1426800064730583,0.11002164639169865,0.058978224038467406,0.1244308962415803,0.08316132983832618,-0.06298380866381659,-0.06775912000214017,0.794045730588978,0.9365780352125869
Qwen,Qwen Small,lambada,StudentTSkewed,hc_values_per_expert_hat_1_new.parquet,0.10073832775866873,0.18652379482843584,-0.140764754662274,0.24150308242094273,0.030413231781147056,0.14014303206601467,-0.14835918350121013,0.17877241528235718,0.054391290318952665,0.10479267154413406,-0.08097167309282577,0.09682725879792543,0.04340292577841408,0.1716883184391646,0.10371593675477879,-0.18303274007170395,-0.1360281628189299,0.10308036154223899,0.056789162595080864,0.11909500745298893,0.08040415426026747,-0.06423892971880792,-0.06592623806603283,0.4563316998723035,0.9286012434129637
Qwen,Qwen Small,lambada,StudentTSkewed,hc_values_map_agg_hat_1_new.parquet,0.032964476268351806,0.10177237895060101,-0.11440414153923495,0.14736861780758675,-0.0032239729541372534,0.08515211329607877,-0.11790660849553956,0.11468263554140232,-0.03397309289814345,0.012891402478804607,-0.07954680930081015,0.007223975818407528,-0.013457801536810457,0.07422797253900587,0.016742029714453415,-0.13993750841709907,-0.05851553876895165,0.03271858236204214,0.059955757299083666,0.04221412463958865,0.06723978411615097,-0.02956534492353206,-0.03314977915279493,1.1071262755814288,1.2956502099024552
Qwen,Qwen Small,lambada,StudentTSkewed,hc_values_map_agg_standard_1_new.parquet,0.03199625646245943,0.10307271332833902,-0.1182403177404968,0.15023657420295622,-0.00407828045628143,0.08399072762075914,-0.11771845105334516,0.11364017059706373,-0.034822569204620166,0.015175653795891152,-0.08480782670350079,0.009120008073036708,-0.010716529663542397,0.07737513910772469,0.02140531485688876,-0.1430800083461179,-0.06330260329708479,0.038554812212109615,0.06638159668420396,0.047648065807363284,0.07318700631405255,-0.030480394624660248,-0.03408463011181287,1.1676763603608267,1.3042308767493305
Qwen,Qwen Small,lambada,KDE,hc_values_per_expert_standard_1_new.parquet,0.08607970950864981,0.17520139522711958,-0.14682074714719315,0.23290045665584297,0.030773558047498734,0.13779849761705215,-0.13984423906051813,0.17061779710801686,0.010912862121378543,0.07069840478148252,-0.0974776531543962,0.08572702821558931,-0.01752633669630156,0.16557184164948904,0.044063742326126816,-0.1899422915470442,-0.11961349836552503,0.10388058171528225,-0.0065914176761775085,0.12405262695252721,0.007860829749673894,-0.07312428050862474,-0.027542618527593904,0.4319054620659394,0.543429787782778
Qwen,Qwen Small,lambada,KDE,hc_values_per_expert_hat_1_new.parquet,0.11232789718425693,0.19580392275148228,-0.13652743494843939,0.2488553321326963,0.035796915400721455,0.1428055913921533,-0.139100297962381,0.17489721336310243,0.049449686487250386,0.10661205466025482,-0.09087785318144767,0.10213374369080187,0.01420255525052506,0.17949949353292605,0.07480441043206484,-0.18977805068661274,-0.12625454667785618,0.10322844200658063,0.0043581997769342705,0.1258740947276637,0.02214641863622666,-0.07807234850376436,-0.03749178915933366,0.0931235374027684,0.5414677968584908
Qwen,Qwen Small,lambada,KDE,hc_values_map_agg_hat_1_new.parquet,0.03597036240406608,0.10433982406192946,-0.11357447411927926,0.14954483652334533,-0.0013288700545070673,0.08733023331311793,-0.11780544128969718,0.11647657123519012,-0.02855417834607729,0.017528981795271303,-0.07804055141341336,0.00907096438463082,-0.009178379547080763,0.07603661094725023,0.020668188975649145,-0.14041398057672444,-0.05905541651205951,0.03406458029435322,0.06321485165937425,0.043593693917713824,0.07012086479562606,-0.03003912273741885,-0.03334469898962882,0.2546311677922584,0.46816171285219277
Qwen,Qwen Small,lambada,KDE,hc_values_map_agg_standard_1_new.parquet,0.029048334732290786,0.10055909615728414,-0.11906123074656363,0.14810956547885443,-0.0061201934545508825,0.08118975936077241,-0.11748358506078085,0.11136339160622998,-0.035974988160781124,0.01449445019284718,-0.08566010471103033,0.007404134461538498,-0.010792189108037583,0.075665182761477,0.021513013015949593,-0.1425762731503434,-0.06366649918750428,0.0379837655939598,0.06666178802667805,0.04687413231384567,0.07283156493751773,-0.02988711236775998,-0.03284951235986465,0.3495882520175047,0.4694771423153255
Qwen,Qwen Small,lambada,JohnsonSU,hc_values_per_expert_standard_1_new.parquet,0.08670877703065258,0.1765554688661424,-0.1480173648923084,0.23472614192296098,0.03161102670849344,0.1383704429647848,-0.14128119466055125,0.1728922213690447,0.029499235389104664,0.0924624271415846,-0.10221288538390333,0.08527563860171006,0.005109889259894438,0.16466420978515442,0.06764129946899149,-0.18886850474076344,-0.1283792182872165,0.10461042593486972,0.027989910981854788,0.12242536257177634,0.04544293495239899,-0.06844178942735893,-0.04411420117919041,0.5996052986922156,0.752197380652948
Qwen,Qwen Small,lambada,JohnsonSU,hc_values_per_expert_hat_1_new.parquet,0.1093281035919031,0.19345097690342278,-0.13770654715571695,0.24703465074762004,0.03539889480674599,0.1419055813626132,-0.14065769954692126,0.17605659435366725,0.06140070007796887,0.12166231352332146,-0.09594330703489544,0.09983927127506323,0.03207257876444335,0.17641661293294153,0.09330047946581967,-0.18746715564518424,-0.1332084610046443,0.10310081480993447,0.03502834520899175,0.12377610325202487,0.055530036748687416,-0.07393673207785255,-0.05245364378150027,0.2796589392600968,0.740081361612944
Qwen,Qwen Small,lambada,JohnsonSU,hc_values_map_agg_hat_1_new.parquet,0.04107833854049083,0.10877644676711007,-0.11228824369543805,0.1533665822359289,-0.000108086525365115,0.08972828585400763,-0.11875070831235268,0.11864262178698756,-0.02548546625564775,0.020641949223709623,-0.077959368774198,0.01209425614655896,-0.007620283626839404,0.07910400720454523,0.022539944574134423,-0.14141365814561319,-0.06014800326760748,0.03303068123399974,0.06116008120520935,0.04296992764563357,0.06910281071347632,-0.03058168270183615,-0.03488034599054272,0.3942108801989288,0.6570312376676085
Qwen,Qwen Small,lambada,JohnsonSU,hc_values_map_agg_standard_1_new.parquet,0.03487268200537298,0.10556540350019605,-0.11750648112553869,0.15237916313091165,-0.0034120597672614448,0.08510932211821466,-0.11823433963827794,0.1148222798710165,-0.032314290938884084,0.018004192055304114,-0.08522629375218614,0.010890968011661437,-0.00870424209572719,0.07907719203819105,0.02365406291425051,-0.14347079412683478,-0.06437538265464118,0.037348145317496126,0.06529166357485591,0.0467010090947062,0.07252346721764627,-0.030658095531150575,-0.03464315228819068,0.48457995663905196,0.6581419927512234
Qwen,Qwen Small,hellaswag,GMM,hc_values_per_expert_standard_1_new.parquet,0.09461595506156431,0.11513205646081456,-0.037393191829492876,0.1320091468910572,0.05784850516877294,0.09795797251773292,-0.03721412644686815,0.09506263161564109,0.08560758489210385,0.10508566854758823,-0.035388462236419206,0.11191797860794592,0.09882005387648723,0.13621728036166098,0.12748214732098256,-0.0955564438072049,-0.10004182349981044,0.07364842717036678,0.029567405478863336,0.08273201459404758,0.0306948230042634,-0.03799421383605222,-0.010358657821142054,1.4266662474911918,1.000658068879395
Qwen,Qwen Small,hellaswag,GMM,hc_values_per_expert_hat_1_new.parquet,0.12357673474919187,0.14496432475924875,-0.03916097935371063,0.1627377141029025,0.06203552115949417,0.1030873453222312,-0.03541143877457416,0.09744695993406832,0.11744551286898745,0.13787078550858056,-0.03729349276861901,0.12344012082088736,0.11401849986760366,0.15782583525785845,0.15046262607291933,-0.12197040124730792,-0.12279310010547037,0.07687295235715219,0.05325141815869047,0.09508060927832447,0.06819140044961612,-0.05633350166110917,-0.04325235752017865,0.6875878003310343,0.9708002071609353
Qwen,Qwen Small,hellaswag,GMM,hc_values_map_agg_hat_1_new.parquet,-0.032733362163830285,-0.05552641438394458,0.041022615841400066,-0.07375597800523034,-0.08632423946143931,-0.09311868171560929,0.031450072373885925,-0.11777431183532525,-0.05777926241599269,-0.08297849047724139,0.043472248853521,-0.047049345061924736,-0.07385632197328226,-0.0848416420836344,-0.12008461788297504,0.10043997942029818,0.12631884641343602,-0.12183048286695278,-0.12738898265603943,-0.18806890741246968,-0.1849004538765315,0.16071551388201058,0.14597763242563633,0.8792676454644275,0.7735505822434311
Qwen,Qwen Small,hellaswag,GMM,hc_values_map_agg_standard_1_new.parquet,-0.06417926241258799,-0.0889718146413618,0.04482680507773306,-0.10900606749032105,-0.11122882685340682,-0.12491214112921747,0.036666399668892076,-0.1478952265222989,-0.06387700549210314,-0.08972976235146256,0.04460224374729641,-0.06719604668178242,-0.07734923592448809,-0.10824985677652474,-0.12247250831826144,0.11520966319221669,0.1251836065043902,-0.11520845994372483,-0.11938636555302465,-0.1772918981257513,-0.17392602529150916,0.15092002623227008,0.1380364884564556,0.9667498628966569,0.8510627745445558
Qwen,Qwen Small,hellaswag,GLM,hc_values_per_expert_standard_1_new.parquet,0.07679460485390519,0.06545437958177075,0.01974051109646862,0.057054093757436565,0.007431063459435628,0.023736062954374675,0.004762618569166879,0.002668444890268749,0.12893686123313375,0.12066113434841692,0.014007377887196306,0.058316480253383075,0.0768805813482818,0.05083762235171868,0.07759054875315605,-0.00577491566520261,-0.03061435273620393,-0.061679637064053064,-0.1090959550952982,-0.12812736196406355,-0.19256700042764008,0.14426163274168025,0.18528014147045363,0.14633270815756966,0.30163347281511527
Qwen,Qwen Small,hellaswag,GLM,hc_values_per_expert_hat_1_new.parquet,0.10310225526590361,0.09061110295707442,0.02161083157184103,0.08149142369406258,0.02641220910706733,0.04737359350374471,0.0012203884558498466,0.025191820651217483,0.14424403508224198,0.1342772167838515,0.016932353480657445,0.07171015107595195,0.0866027099473757,0.06236437093810443,0.08382436889578981,-0.006775100077694146,-0.026663764816522058,-0.06844742975367166,-0.10824242585036553,-0.14892423406338284,-0.2038082987924082,0.17296703289957616,0.20780357402214228,-0.00809047264736763,0.3002373469306957
Qwen,Qwen Small,hellaswag,GLM,hc_values_map_agg_hat_1_new.parquet,0.15782933189626525,0.141310078599438,0.028425328440233155,0.1294040034560321,0.11235583763970614,0.14558786076140492,-0.006470402225819539,0.11882623986552568,0.0026649094197278298,-0.029053426623048988,0.05479476934600289,0.0869431136194888,-0.028487659353734616,0.07962493935673422,-0.07440173449839244,-0.016984310911281192,0.10948405279191475,-0.12418008153176671,-0.15191506258717546,-0.21376315044948868,-0.2296119801708313,0.2059847068414172,0.19152682281968117,-0.20312041068319245,-0.10816329150959156
Qwen,Qwen Small,hellaswag,GLM,hc_values_map_agg_standard_1_new.parquet,0.14921379791265887,0.13430331233209572,0.02560847381937566,0.12360532409328322,0.10791370378374879,0.1387247999869569,-0.0024805994931266216,0.11039430327687541,-0.0017694241748288145,-0.030440940949519588,0.04953691430673581,0.08228134829334391,-0.030007784826295087,0.07578114367089611,-0.07306905419253329,-0.017003727878197906,0.10386345707276336,-0.12560752789022742,-0.15286096675495806,-0.21046179133242626,-0.22515420403324182,0.19734807476271107,0.18143618051441715,-0.10988127075198068,-0.10803817002235444
Qwen,Qwen Small,hellaswag,StudentT,hc_values_per_expert_standard_1_new.parquet,-0.11070436083941906,-0.12391970551606199,0.024444515401453724,-0.1351488762408728,-0.04631219666511454,-0.11093966480443154,0.09381004407088431,-0.14012224073599885,0.03360105689727135,0.042501238184795356,-0.015543812536157003,-0.05659169227184089,0.06650080612352456,-0.0850637207988155,0.06450003872263625,0.0836902737845293,-0.019888910497682606,0.03667585796573529,0.06080801367190753,0.026869128416331718,0.075103863895653,0.008464019913621511,-0.04403723984819473,10.94956903029857,10.395696010662396
Qwen,Qwen Small,hellaswag,StudentT,hc_values_per_expert_hat_1_new.parquet,-0.019464733462997506,-0.019124817711797346,-0.0004682673635102333,-0.018996466099487273,-0.05339936712772114,-0.07663373358679243,0.03846175692757418,-0.09186112405529531,0.02024491545712565,0.026510009329986012,-0.010948095525603399,0.014447972444190344,0.045077342278098974,0.003015710877517835,0.041334809578495536,0.019504674526350692,-0.00830767992269606,0.019320624246802694,0.028134910131046548,0.007920561449467782,0.026829148566014125,0.016371643019829588,-0.005211109577208583,3.5715766834038316,3.2727366169060126
Qwen,Qwen Small,hellaswag,StudentT,hc_values_map_agg_hat_1_new.parquet,0.1555048270884692,0.1379717777983183,0.030256191396525866,0.12524863569194333,0.11123741717806483,0.14400003187715238,-0.005541479618157856,0.11677889679622269,0.005651251167841992,-0.026453536025273824,0.055501709162313104,0.0850858100654685,-0.026630422294940632,0.07664657281838655,-0.07266079749864586,-0.013829776965176961,0.10910547100069723,-0.12431684700394757,-0.151350360184835,-0.2134105097455561,-0.2292498726431795,0.20508778837797048,0.1917444572412674,0.010796997083049448,0.0867739585529845
Qwen,Qwen Small,hellaswag,StudentT,hc_values_map_agg_standard_1_new.parquet,0.1484940780466404,0.1322320899419607,0.028032105897026958,0.12046197214961343,0.10826251415810556,0.13897291399701464,-0.002149851863858686,0.11041236602196425,0.0017010376779016078,-0.028047784973618185,0.05143449501028015,0.08158364623239725,-0.027858806043755714,0.07370308051040511,-0.07185968979402162,-0.013722348393307606,0.10515898381566845,-0.12527820877693419,-0.15203881544050005,-0.21127966980905016,-0.22642234711316445,0.1994480589154155,0.1852005157171659,0.08363327759029336,0.08677651094528677
Qwen,Qwen Small,hellaswag,StudentTSkewed,hc_values_per_expert_standard_1_new.parquet,-0.001541411791986812,0.0012180699765008307,-0.004926887477633235,0.0033854756856464227,0.03071914408088242,0.05972928090044153,-0.028918901967365622,0.059638046048248045,-0.03919727585036318,-0.0448406978966365,0.010213275425195633,0.0371307197099057,-0.005422333494329992,0.02941722395326104,-0.01883317177706806,0.0027737438105529776,0.031240833887378985,0.05283431943829347,0.05741735949647319,0.02846709554995483,0.04099204432128472,0.0317611601783027,0.015304738496733172,2.8693722965062056,1.7509017208049507
Qwen,Qwen Small,hellaswag,StudentTSkewed,hc_values_per_expert_hat_1_new.parquet,0.050727074420232464,0.05139033687413849,-0.001551726663939817,0.05227880108417228,0.060378579252840577,0.0948604025480894,-0.027346872557668406,0.08772545181050898,0.039326744357486336,0.03728086096844139,0.0034839303613305003,0.04865870702637701,0.03501996079830704,0.04472808378714352,0.029612535544803482,-0.009866233637641005,-0.001402531244407608,-0.0005232642726163894,-0.002834307196526251,-0.03579738211881304,-0.035006332598417934,0.06755430041079222,0.06230557631115026,2.1131699187858857,1.436439417515276
Qwen,Qwen Small,hellaswag,StudentTSkewed,hc_values_map_agg_hat_1_new.parquet,0.1511220739621982,0.13370061851576343,0.030088021325862753,0.12103405263633546,0.1100240588627386,0.14150605902313954,-0.0033699669847793443,0.11339402584751794,0.004114580632034926,-0.027245183556765664,0.05422654294675112,0.08208973371375948,-0.027618782152035764,0.0733063503593491,-0.07304255638237489,-0.011941229191687445,0.1081588578154213,-0.12546037991738884,-0.1523523378082539,-0.212639434533539,-0.22825657868477475,0.20174944481865537,0.18819949539259365,0.9138051572476188,0.9451177596265009
Qwen,Qwen Small,hellaswag,StudentTSkewed,hc_values_map_agg_standard_1_new.parquet,0.14647025806045233,0.1303181613664199,0.027850015976117075,0.11862024208433525,0.10891489670972093,0.13979014019599048,-0.0023884624157817693,0.1113033591255027,0.0010779291645815002,-0.028256452790546362,0.05072893761998735,0.08058215582593611,-0.027899573857550306,0.07259572897526767,-0.07164684161395271,-0.013111121739271297,0.10463459799820911,-0.12374873907800299,-0.15045105673107825,-0.20877398093847271,-0.22390235882898665,0.19715398927256841,0.18296584110191452,0.9684015399824137,0.9484328712141805
Qwen,Qwen Small,hellaswag,KDE,hc_values_per_expert_standard_1_new.parquet,0.12432061282960433,0.1319729147130586,-0.0145876226546986,0.13890823548430292,0.08360216686654068,0.12288322864645987,-0.024242877963985648,0.10784504483052633,0.10641814813507415,0.10679153913687539,-0.0012343950364773607,0.10533597680330195,0.06326130385156754,0.121501094149771,0.075385149327187,-0.07528284253223183,-0.05013816707989376,-0.018344371331708915,-0.11410495107943022,-0.0526298903718516,-0.17814991881482795,0.07065847027411848,0.14947236003934036,0.321086643948338,0.2782572202067233
Qwen,Qwen Small,hellaswag,KDE,hc_values_per_expert_hat_1_new.parquet,0.14729664069290088,0.1515439085027524,-0.008659712446989758,0.15595635313989065,0.08644392922596814,0.12402883182452387,-0.0207048159556856,0.10714874518165374,0.13263568753672356,0.13043519183384839,0.003218696291949394,0.11572126285681567,0.08033782739470934,0.12962022018524924,0.09035551111870849,-0.07426940933220677,-0.05196685430843527,-0.033810038191170025,-0.10885356383614664,-0.08617838467516586,-0.18581497094686597,0.10954753398019143,0.17234115185898072,-0.004671987315504936,0.27648566212107806
Qwen,Qwen Small,hellaswag,KDE,hc_values_map_agg_hat_1_new.parquet,0.14321716007725116,0.1283778445220494,0.025524248061093976,0.11769291201615718,0.10832450467003452,0.13885665148737247,-0.0022936624097297216,0.11061816707976424,0.001094104383911311,-0.02584254642873278,0.046582108872727804,0.0779066308434647,-0.028221786411761197,0.07088076327841836,-0.0693423210700128,-0.0141955550298605,0.0990759926590213,-0.12457107534497815,-0.1502016172700603,-0.20442626650878334,-0.21702688406347492,0.18750460438379749,0.17018768238301335,-0.13408441458284917,-0.1878604730125977
Qwen,Qwen Small,hellaswag,KDE,hc_values_map_agg_standard_1_new.parquet,0.1323212948975704,0.11869052377754997,0.023439976724032745,0.10888131817353766,0.10162084374206333,0.1295604027008973,0.0012894483763823536,0.10033139536568098,-0.005895572669106387,-0.030575425020255936,0.042691690852474616,0.0717624870031173,-0.03121591000996163,0.06475628707850509,-0.07060583071899663,-0.0119080334085342,0.09641133696101929,-0.12350852579772453,-0.14811492283138933,-0.19989761207274376,-0.2110813931963406,0.18058327234629323,0.16220754863153075,-0.03823950871493941,-0.1878863763717302
Qwen,Qwen Small,hellaswag,JohnsonSU,hc_values_per_expert_standard_1_new.parquet,0.12770939625896918,0.1339711783870065,-0.012123720728868484,0.13983311698783768,0.08693883982166843,0.12507988363299855,-0.022997075091788305,0.10993591491345674,0.11974095636148775,0.11835782359805706,0.0018035218276179507,0.10905962872925219,0.07763678939089873,0.12098332160584567,0.08775083534249675,-0.06742573707411925,-0.051297139677064174,-0.023260308523443574,-0.092400810587269,-0.06858977220703427,-0.157643607470509,0.09314049854675634,0.14846503124928273,0.5402692673967144,0.459810971839416
Qwen,Qwen Small,hellaswag,JohnsonSU,hc_values_per_expert_hat_1_new.parquet,0.14487316020138458,0.14522806085641884,-0.001677058423360496,0.14655021862474507,0.0880445139928653,0.123746340635563,-0.017528503443397257,0.10557301743626255,0.1372737913456133,0.13171135595083008,0.009172742664862985,0.11306789089197779,0.08881506086865996,0.12152984233792657,0.09551392604493136,-0.061380559495809416,-0.04807190588756309,-0.03843855495409963,-0.07958913916926935,-0.09827699893261244,-0.15121241008196812,0.1251195240506318,0.1570779168121535,0.16766151772555132,0.4538455306770381
Qwen,Qwen Small,hellaswag,JohnsonSU,hc_values_map_agg_hat_1_new.parquet,0.14530267498652583,0.12584355361668345,0.03377619196866945,0.11152648301785638,0.10602153039396384,0.13586332394380937,-0.0006697598556350427,0.10669129024959888,-0.004931641088696102,-0.039327759770158115,0.05940101641449902,0.07593789026577952,-0.03654635366084798,0.06440424862666193,-0.0853604913057687,-0.003597197435511044,0.11862286432474722,-0.13151413235749854,-0.15851511357129439,-0.22038592421581815,-0.23506777218432098,0.20668042951188764,0.19119381565814778,0.017574028530004768,0.03768586663243668
Qwen,Qwen Small,hellaswag,JohnsonSU,hc_values_map_agg_standard_1_new.parquet,0.13717290764776352,0.11978459538871807,0.030129040353233758,0.10704386729452976,0.100313239023242,0.1283553997485382,0.0019858396219203534,0.09832739940132165,-0.009636681633949094,-0.04062804131028845,0.05352717284740544,0.07219237422703928,-0.03737357529447551,0.061911017956015016,-0.0830881806018985,-0.0049133362993918055,0.11222086331252129,-0.12970330517936585,-0.15558192973158558,-0.21385763886118914,-0.22682361345928712,0.19715814010162266,0.18019170479880778,0.0995280405704065,0.037686075706023184
